[{"model": "kuzov.zakaznaryad", "pk": 1, "fields": {"auto": 1, "master": 1, "client": 1, "remont": "Бампер передний", "price": 18000, "time_create": "2025-07-29T14:17:52.042Z", "time_update": "2025-07-29T14:17:52.042Z", "in_work": true}}, {"model": "kuzov.zakaznaryad", "pk": 2, "fields": {"auto": 2, "master": 2, "client": 2, "remont": "Крыло заднее левое", "price": 30000, "time_create": "2025-07-29T14:21:51.557Z", "time_update": "2025-07-29T14:21:51.557Z", "in_work": true}}]