[{"model": "users.user", "pk": 1, "fields": {"password": "pbkdf2_sha256$1000000$NeVQpYxHJzfpF8Gjs332Lb$43a7oyd+GzbuqWwDIlqatoDwZMAb3SEx6ECzkcflMAA=", "last_login": "2025-07-29T15:00:49.149Z", "is_superuser": true, "username": "kmaster", "first_name": "", "last_name": "", "email": "", "is_staff": false, "is_active": true, "date_joined": "2025-07-29T14:15:57.417Z", "phone": null, "groups": [], "user_permissions": []}}, {"model": "users.user", "pk": 2, "fields": {"password": "pbkdf2_sha256$1000000$4gp0hewADPviYqT0rWn5in$selduB48OOe6QIkM0VOl7zq4KBFkL2aIEbObEPVKyxA=", "last_login": "2025-07-29T14:20:00.778Z", "is_superuser": false, "username": "Moskva", "first_name": "", "last_name": "", "email": "", "is_staff": false, "is_active": true, "date_joined": "2025-07-29T14:19:47.077Z", "phone": null, "groups": [], "user_permissions": []}}]